<?xml version="1.0" encoding="UTF-8" standalone="yes"?>
<OfficeApp xmlns="http://schemas.microsoft.com/office/appforoffice/1.1"
           xmlns:xsi="http://www.w3.org/2001/XMLSchema-instance"
           xmlns:bt="http://schemas.microsoft.com/office/officeappbasictypes/1.0"
           xmlns:ov="http://schemas.microsoft.com/office/taskpaneappversionoverrides"
           xsi:type="TaskPaneApp">

  <Id>7c1d4b5c-165b-4582-a0da-a253412d5e37</Id>
  <Version>1.0.0.0</Version>
  <ProviderName>Font Checker</ProviderName>
  <DefaultLocale>en-US</DefaultLocale>

  <DisplayName DefaultValue="Font Checker" />
  <Description DefaultValue="Checks for missing fonts in PowerPoint slides and masters." />
  
  <IconUrl DefaultValue="https://jon-ops.github.io/ppt-font-checker/assets/logo-filled%20500x500.png"/>
  <HighResolutionIconUrl DefaultValue="https://jon-ops.github.io/ppt-font-checker/assets/logo-filled%20500x500.png"/>

  <SupportUrl DefaultValue="https://github.com/jon-ops/ppt-font-checker#support" />

  <Hosts>
    <Host Name="Presentation" />
  </Hosts>

  <DefaultSettings>
    <SourceLocation DefaultValue="https://jon-ops.github.io/ppt-font-checker/taskpane.html"/>
  </DefaultSettings>

  <Permissions>ReadWriteDocument</Permissions>

  <VersionOverrides xmlns="http://schemas.microsoft.com/office/taskpaneappversionoverrides" xsi:type="VersionOverridesV1_0">
    <Hosts>
      <Host xsi:type="Presentation">
        <DesktopFormFactor>
          <FunctionFile resid="functionFile" />
          <ExtensionPoint xsi:type="Events">
            <Event Type="DocumentOpen" Function="onDocumentOpen"/>
          </ExtensionPoint>
          <ExtensionPoint xsi:type="MessageReadCommandSurface">
            <OfficeTab id="TabHome">
              <Group id="fontCheckerGroup">
                <Label resid="groupLabel" />
                <Icon>
                  <bt:Image size="16" resid="icon16"/>
                  <bt:Image size="32" resid="icon32"/>
                  <bt:Image size="80" resid="icon80"/>
                </Icon>
                <Control xsi:type="Button" id="fontCheckerButton">
                  <Label resid="buttonLabel" />
                  <Supertip>
                    <Title resid="buttonTitle" />
                    <Description resid="buttonDescription" />
                  </Supertip>
                  <Icon>
                    <bt:Image size="16" resid="icon16"/>
                    <bt:Image size="32" resid="icon32"/>
                    <bt:Image size="80" resid="icon80"/>
                  </Icon>
                  <Action xsi:type="ShowTaskpane">
                    <SourceLocation resid="taskpaneUrl" />
                  </Action>
                </Control>
              </Group>
            </OfficeTab>
          </ExtensionPoint>
        </DesktopFormFactor>
      </Host>
    </Hosts>

    <Resources>
      <bt:Images>
        <bt:Image id="icon16" DefaultValue="https://jon-ops.github.io/ppt-font-checker/assets/logo-filled%20500x500.png"/>
        <bt:Image id="icon32" DefaultValue="https://jon-ops.github.io/ppt-font-checker/assets/logo-filled%20500x500.png"/>
        <bt:Image id="icon80" DefaultValue="https://jon-ops.github.io/ppt-font-checker/assets/logo-filled%20500x500.png"/>
      </bt:Images>
      <bt:Urls>
        <bt:Url id="functionFile" DefaultValue="https://jon-ops.github.io/ppt-font-checker/commands.html"/>
        <bt:Url id="taskpaneUrl" DefaultValue="https://jon-ops.github.io/ppt-font-checker/taskpane.html"/>
      </bt:Urls>
      <bt:ShortStrings>
        <bt:String id="groupLabel" DefaultValue="Font Tools"/>
        <bt:String id="buttonLabel" DefaultValue="Check Fonts"/>
        <bt:String id="buttonTitle" DefaultValue="Font Checker"/>
      </bt:ShortStrings>
      <bt:LongStrings>
        <bt:String id="buttonDescription" DefaultValue="Scan all slides and masters for missing fonts."/>
      </bt:LongStrings>
    </Resources>
  </VersionOverrides>
</OfficeApp>
